lat,long,timeStamp,distance
52.56235558,13.41262764,0.0,0.0
52.562231146387376,13.412628581896412,3.186549770196312,0.013836552022216281
52.56210671277476,13.412629523790152,6.373099540392624,0.027673104044432562
52.56198227916213,13.41263046568122,9.559649310588936,0.041509656066648845
52.56185784554951,13.412631407569616,12.746199080785248,0.055346208088865124
52.56173341193688,13.412632349455341,15.93274885098156,0.0691827601110814
52.56160897832425,13.412633291338393,19.119298621177872,0.08301931213329769
52.561484544711625,13.412634233218773,22.305848391374184,0.09685586415551398
52.561360111099,13.412635175096481,25.492398161570495,0.11069241617773026
52.56123567748637,13.412636116971518,28.678947931766807,0.12452896819994655
52.561111243873746,13.412637058843883,31.86549770196312,0.13836552022216284
52.56098681026113,13.412638000713576,35.05204747215943,0.15220207224437912
52.5608623766485,13.412638942580598,38.238597242355745,0.1660386242665954
52.560737943035875,13.412639884444948,41.42514701255206,0.1798751762888117
52.56061350942324,13.412640826306626,44.611696782748375,0.19371172831102798
52.56048907581061,13.412641768165633,47.79824655294469,0.20754828033324427
52.56036464219799,13.412642710021968,50.984796323141005,0.22138483235546055
52.56024020858537,13.412643651875632,54.17134609333732,0.23522138437767684
52.560115774972736,13.412644593726625,57.357895863533635,0.24905793639989313
52.55999134136011,13.412645535574946,60.54444563372995,0.2628944884221094
52.559866907747484,13.412646477420596,63.730995403926265,0.27673104044432567
52.55974247413485,13.412647419263575,66.91754517412258,0.29056759246654196
52.55961804052222,13.412648361103882,70.10409494431889,0.30440414448875824
52.559493606909584,13.412649302941517,73.2906447145152,0.31824069651097453
52.55936917329696,13.412650244776481,76.4771944847115,0.3320772485331908
52.559244739684324,13.412651186608773,79.66374425490781,0.3459138005554071
52.5591203060717,13.412652128438395,82.85029402510412,0.3597503525776234
52.55899587245906,13.412653070265344,86.03684379530043,0.3735869045998397
52.558871438846424,13.412654012089623,89.22339356549674,0.38742345662205596
52.55874700523379,13.41265495391123,92.40994333569304,0.40126000864427225
52.55862257162116,13.412655895730165,95.59649310588935,0.41509656066648853
52.558498138008524,13.412656837546429,98.78304287608566,0.4289331126887048
52.5583737043959,13.412657779360023,101.96959264628197,0.4427696647109211
52.558249270783264,13.412658721170944,105.15614241647827,0.4566062167331374
52.558124837170624,13.412659662979193,108.34269218667458,0.4704427687553537
52.558000403558,13.412660604784772,111.52924195687089,0.48427932077756997
52.55787596994537,13.41266154658768,114.7157917270672,0.49811587279978625
52.55775153633275,13.412662488387916,117.9023414972635,0.5119524248220025
52.557627102720126,13.412663430185482,121.08889126745981,0.5257889768442188
52.55750266910751,13.412664371980377,124.27544103765612,0.539625528866435
52.55737823549487,13.4126653137726,127.46199080785243,0.5534620808886512
52.557253801882254,13.412666255562153,130.64854057804874,0.5672986329108675
52.557129368269635,13.412667197349032,133.83509034824505,0.5811351849330837
52.557004934657016,13.412668139133244,137.02164011844135,0.5949717369552999
52.55688050104438,13.412669080914783,140.20818988863766,0.6088082889775162
52.55675606743175,13.41267002269365,143.39473965883397,0.6226448409997324
52.556631633819116,13.412670964469848,146.58128942903028,0.6364813930219486
52.55650720020649,13.412671906243373,149.7678391992266,0.6503179450441648
52.556382766593856,13.41267284801423,152.9543889694229,0.6641544970663811
52.55625833298123,13.412673789782415,156.1409387396192,0.6779910490885973
52.556133899368604,13.412674731547929,159.3274885098155,0.6918276011108135
52.55600946575598,13.41267567331077,162.51403828001182,0.7056641531330298
52.555885032143344,13.412676615070943,165.70058805020813,0.719500705155246
52.55576059853071,13.412677556828445,168.88713782040443,0.7333372571774622
52.555636164918084,13.412678498583276,172.07368759060074,0.7471738091996785
52.55551173130546,13.412679440335435,175.26023736079705,0.7610103612218947
52.55538729769283,13.412680382084924,178.44678713099336,0.7748469132441109
52.5552628640802,13.412681323831741,181.63333690118967,0.7886834652663272
52.555138430467565,13.412682265575889,184.81988667138597,0.8025200172885434
52.55501399685493,13.412683207317365,188.00643644158228,0.8163565693107596
52.554889563242305,13.41268414905617,191.1929862117786,0.8301931213329758
52.55476512962968,13.412685090792305,194.3795359819749,0.8440296733551921
52.554640696017046,13.41268603252577,197.5660857521712,0.8578662253774083
52.554516262404405,13.412686974256564,200.7526355223675,0.8717027773996245
52.55439182879177,13.412687915984685,203.93918529256382,0.8855393294218408
52.55426739517914,13.412688857710137,207.12573506276013,0.899375881444057
52.554142961566505,13.412689799432918,210.31228483295644,0.9132124334662732
52.55401852795388,13.412690741153028,213.49883460315274,0.9270489854884895
52.553894094341246,13.412691682870468,216.68538437334905,0.9408855375107057
52.553769660728605,13.412692624585238,219.87193414354536,0.9547220895329219
52.553645227115965,13.412693566297339,223.05848391374167,0.9685586415551382
52.55352079350334,13.412694508006766,226.24503368393798,0.9823951935773544
52.55339635989071,13.412695449713524,229.43158345413428,0.9962317455995706
52.553271926278086,13.412696391417612,232.6181332243306,1.010068297621787
52.55314749266545,13.41269733311903,235.8046829945269,1.0239048496440033
52.55302305905283,13.412698274817776,238.9912327647232,1.0377414016662196
52.55289862544021,13.412699216513852,242.17778253491952,1.051577953688436
52.55277419182758,13.412700158207258,245.36433230511582,1.0654145057106523
52.552649758214955,13.412701099897994,248.55088207531213,1.0792510577328687
52.552525324602335,13.41270204158606,251.73743184550844,1.093087609755085
52.552400890989716,13.412702983271455,254.92398161570475,1.1069241617773014
52.55227645737709,13.41270392495418,258.1105313859011,1.1207607137995177
52.552152023764464,13.412704866634234,261.2970811560974,1.134597265821734
52.552027590151845,13.412705808311618,264.48363092629376,1.1484338178439504
52.55190315653922,13.412706749986333,267.6701806964901,1.1622703698661667
52.55177872292659,13.412707691658376,270.85673046668643,1.176106921888383
52.551654289313966,13.41270863332775,274.04328023688277,1.1899434739105994
52.55152985570133,13.412709574994453,277.2298300070791,1.2037800259328157
52.55140542208871,13.412710516658487,280.41637977727544,1.217616577955032
52.55128098847608,13.412711458319851,283.6029295474718,1.2314531299772484
52.55115655486346,13.412712399978545,286.7894793176681,1.2452896819994648
52.551032121250834,13.412713341634568,289.97602908786445,1.2591262340216811
52.55090768763821,13.412714283287919,293.1625788580608,1.2729627860438975
52.550783254025575,13.412715224938601,296.3491286282571,1.2867993380661138
52.55065882041295,13.412716166586614,299.53567839845346,1.3006358900883301
52.55053438680032,13.412717108231957,302.7222281686498,1.3144724421105465
52.55040995318769,13.41271804987463,305.90877793884613,1.3283089941327628
52.55028551957506,13.412718991514634,309.09532770904246,1.3421455461549792
52.55016108596243,13.412719933151967,312.2818774792388,1.3559820981771955
52.550036652349796,13.41272087478663,315.46842724943514,1.3698186501994118
52.54991221873716,13.412721816418625,318.6549770196315,1.3836552022216282
52.54978778512453,13.412722758047947,321.8415267898278,1.3974917542438445
52.549663351511896,13.412723699674599,325.02807656002415,1.4113283062660609
52.549538917899255,13.412724641298583,328.2146263302205,1.4251648582882772
52.54941448428663,13.412725582919895,331.4011761004168,1.4390014103104936
52.549290050673996,13.412726524538538,334.58772587061316,1.45283796233271
52.54916561706136,13.412727466154513,337.7742756408095,1.4666745143549262
52.54904118344873,13.412728407767815,340.9608254110058,1.4805110663771426
52.548916749836096,13.41272934937845,344.14737518120216,1.494347618399359
52.548792316223484,13.412730290986415,347.3339249513985,1.5081841704215753
52.54866788261086,13.412731232591709,350.52047472159484,1.5220207224437916
52.54854344899824,13.412732174194334,353.7070244917912,1.535857274466008
52.54841901538561,13.412733115794289,356.8935742619875,1.5496938264882243
52.548294581772986,13.412734057391575,360.08012403218385,1.5635303785104406
52.54817014816037,13.41273499898619,363.2666738023802,1.577366930532657
52.54804571454774,13.412735940578136,366.4532235725765,1.5912034825548733
52.547921280935114,13.412736882167412,369.63977334277286,1.6050400345770897
52.54779684732249,13.412737823754018,372.8263231129692,1.618876586599306
52.54767241370987,13.412738765337956,376.0128728831655,1.6327131386215223
52.54754798009724,13.412739706919224,379.19942265336186,1.6465496906437387
52.54742354648461,13.412740648497822,382.3859724235582,1.660386242665955
52.54729911287198,13.412741590073752,385.57252219375454,1.6742227946881714
52.547174679259356,13.41274253164701,388.7590719639509,1.6880593467103877
52.54705024564673,13.4127434732176,391.9456217341472,1.701895898732604
52.54692581203411,13.41274441478552,395.13217150434355,1.7157324507548204
52.54680137842148,13.41274535635077,398.3187212745399,1.7295690027770367
52.54667694480885,13.412746297913351,401.5052710447362,1.743405554799253
52.54655251119622,13.412747239473262,404.69182081493256,1.7572421068214694
52.54642807758359,13.412748181030505,407.8783705851289,1.7710786588436858
52.54630364397097,13.412749122585078,411.0649203553252,1.784915210865902
52.54617921035834,13.412750064136981,414.25147012552156,1.7987517628881184
52.546054776745706,13.412751005686216,417.4380198957179,1.8125883149103348
52.54593034313307,13.41275194723278,420.62456966591424,1.8264248669325511
52.545805909520446,13.412752888776676,423.8111194361106,1.8402614189547675
52.54568147590781,13.412753830317902,426.9976692063069,1.8540979709769838
52.54555704229517,13.41275477185646,430.18421897650325,1.8679345229992002
52.54543260868254,13.412755713392347,433.3707687466996,1.8817710750214165
52.545308175069906,13.412756654925566,436.5573185168959,1.8956076270436328
52.54518374145727,13.412757596456116,439.74386828709225,1.9094441790658492
52.545059307844646,13.412758537983997,442.9304180572886,1.9232807310880655
52.54493487423201,13.412759479509207,446.1169678274849,1.9371172831102819
52.54481044061937,13.412760421031749,449.30351759768126,1.9509538351324982
52.54468600700674,13.412761362551622,452.4900673678776,1.9647903871547145
52.544561573394105,13.412762304068826,455.67661713807394,1.9786269391769309
52.544437139781486,13.412763245583362,458.8631669082703,1.9924634911991472
52.54431270616887,13.41276418709523,462.0497166784666,2.0063000432213633
52.544188272556234,13.412765128604425,465.23626644866295,2.0201365952435797
52.54406383894361,13.412766070110953,468.4228162188593,2.033973147265796
52.54393940533098,13.412767011614813,471.6093659890556,2.0478096992880124
52.543814971718355,13.412767953116003,474.79591575925195,2.0616462513102287
52.54369053810573,13.412768894614523,477.9824655294483,2.075482803332445
52.54356610449311,13.412769836110376,481.1690152996446,2.0893193553546614
52.54344167088048,13.41277077760356,484.35556506984096,2.1031559073768777
52.54331723726785,13.412771719094074,487.5421148400373,2.116992459399094
52.543192803655224,13.41277266058192,490.72866461023364,2.1308290114213104
52.543068370042604,13.412773602067096,493.91521438043,2.1446655634435268
52.54294393642998,13.412774543549602,497.1017641506263,2.158502115465743
52.54281950281735,13.412775485029442,500.28831392082265,2.1723386674879595
52.54269506920472,13.412776426506612,503.474863691019,2.186175219510176
52.542570635592085,13.412777367981114,506.6614134612153,2.200011771532392
52.54244620197946,13.412778309452946,509.84796323141165,2.2138483235546085
52.542321768366826,13.412779250922108,513.0345130016079,2.227684875576825
52.5421973347542,13.412780192388603,516.2210627718042,2.241521427599041
52.542072901141566,13.412781133852429,519.4076125420005,2.2553579796212575
52.54194846752894,13.412782075313586,522.5941623121968,2.269194531643474
52.541824033916306,13.412783016772075,525.780712082393,2.28303108366569
52.54169960030367,13.412783958227894,528.9672618525893,2.2968676356879065
52.54157516669105,13.412784899681046,532.1538116227856,2.310704187710123
52.54145073307841,13.41278584113153,535.3403613929819,2.324540739732339
52.54132629946579,13.412786782579344,538.5269111631782,2.3383772917545556
52.541201865853154,13.41278772402449,541.7134609333744,2.352213843776772
52.541077432240535,13.412788665466968,544.9000107035707,2.3660503957989882
52.5409529986279,13.412789606906776,548.086560473767,2.3798869478212046
52.540828565015275,13.412790548343915,551.2731102439633,2.393723499843421
52.54070413140264,13.412791489778385,554.4596600141596,2.4075600518656373
52.54057969779001,13.412792431210189,557.6462097843558,2.4213966038878536
52.54045526417737,13.412793372639324,560.8327595545521,2.43523315591007
52.54033083056474,13.412794314065792,564.0193093247484,2.4490697079322863
52.54020639695211,13.412795255489591,567.2058590949447,2.4629062599545026
52.540081963339475,13.412796196910723,570.392408865141,2.476742811976719
52.53995752972685,13.412797138329186,573.5789586353372,2.4905793639989353
52.539833096114215,13.412798079744979,576.7655084055335,2.5044159160211517
52.539708662501596,13.412799021158104,579.9520581757298,2.518252468043368
52.53958422888898,13.41279996256856,583.1386079459261,2.5320890200655843
52.53945979527635,13.412800903976347,586.3251577161224,2.5459255720878007
52.53933536166372,13.412801845381466,589.5117074863186,2.559762124110017
52.53921092805109,13.412802786783917,592.6982572565149,2.5735986761322334
52.539086494438465,13.412803728183702,595.8848070267112,2.5874352281544497
52.53896206082584,13.412804669580817,599.0713567969075,2.601271780176666
52.53883762721322,13.412805610975264,602.2579065671038,2.6151083321988824
52.53871319360059,13.41280655236704,605.4444563373,2.6289448842210987
52.538588759987974,13.412807493756151,608.6310061074963,2.642781436243315
52.53846432637534,13.412808435142594,611.8175558776926,2.6566179882655314
52.538339892762714,13.412809376526369,615.0041056478889,2.6704545402877478
52.53821545915009,13.412810317907473,618.1906554180852,2.684291092309964
52.53809102553746,13.412811259285911,621.3772051882814,2.6981276443321804
52.53796659192483,13.412812200661682,624.5637549584777,2.711964196354397
52.53784215831221,13.412813142034784,627.750304728674,2.725800748376613
52.537717724699576,13.412814083405218,630.9368544988703,2.7396373003988295
52.53759329108695,13.412815024772984,634.1234042690666,2.753473852421046
52.53746885747431,13.412815966138082,637.3099540392628,2.767310404443262
52.537344423861676,13.412816907500511,640.4965038094591,2.7811469564654785
52.53721999024904,13.412817848860271,643.6830535796554,2.794983508487695
52.537095556636416,13.412818790217367,646.8696033498517,2.808820060509911
52.53697112302379,13.412819731571792,650.056153120048,2.8226566125321275
52.536846689411156,13.412820672923552,653.2427028902442,2.836493164554344
52.53672225579852,13.412821614272643,656.4292526604405,2.85032971657656
52.53659782218589,13.412822555619064,659.6158024306368,2.8641662685987765
52.53647338857325,13.412823496962819,662.8023522008331,2.878002820620993
52.53634895496062,13.412824438303906,665.9889019710293,2.8918393726432092
52.536224521348,13.412825379642326,669.1754517412256,2.9056759246654256
52.53610008773537,13.412826320978079,672.3620015114219,2.919512476687642
52.53597565412273,13.412827262311163,675.5485512816182,2.9333490287098583
52.535851220510104,13.41282820364158,678.7351010518145,2.9471855807320746
52.535726786897484,13.412829144969328,681.9216508220107,2.961022132754291
52.53560235328486,13.41283008629441,685.108200592207,2.9748586847765073
52.53547791967224,13.412831027616823,688.2947503624033,2.9886952367987236
52.535353486059606,13.412831968936569,691.4813001325996,3.00253178882094
52.53522905244698,13.412832910253647,694.6678499027959,3.0163683408431563
52.53510461883435,13.412833851568056,697.8543996729921,3.0302048928653726
52.534980185221734,13.4128347928798,701.0409494431884,3.044041444887589
52.5348557516091,13.412835734188873,704.2274992133847,3.0578779969098053
52.534731317996474,13.41283667549528,707.414048983581,3.0717145489320217
52.53460688438385,13.412837616799019,710.6005987537773,3.085551100954238
52.53448245077122,13.412838558100091,713.7871485239735,3.0993876529764544
52.5343580171586,13.412839499398496,716.9736982941698,3.1132242049986707
52.53423358354597,13.412840440694232,720.1602480643661,3.127060757020887
52.53410914993334,13.412841381987302,723.3467978345624,3.1408973090431034
52.53398471632071,13.412842323277705,726.5333476047587,3.1547338610653197
52.533860282708076,13.412843264565439,729.7198973749549,3.168570413087536
52.53373584909545,13.412844205850506,732.9064471451512,3.1824069651097524
52.533611415482824,13.412845147132908,736.0929969153475,3.1962435171319687
52.5334869818702,13.41284608841264,739.2795466855438,3.210080069154185
52.53336254825757,13.412847029689706,742.4660964557401,3.2239166211764014
52.533238114644945,13.412847970964105,745.6526462259363,3.2377531731986178
52.53311368103231,13.412848912235836,748.8391959961326,3.251589725220834
52.532989247419685,13.412849853504898,752.0257457663289,3.2654262772430505
52.532864813807066,13.412850794771295,755.2122955365252,3.279262829265267
52.53274038019443,13.412851736035025,758.3988453067215,3.293099381287483
52.5326159465818,13.412852677296089,761.5853950769177,3.3069359333096995
52.532491512969166,13.412853618554484,764.771944847114,3.320772485331916
52.53236707935654,13.412854559810212,767.9584946173103,3.334609037354132
52.53224264574391,13.412855501063273,771.1450443875066,3.3484455893763485
52.53211821213128,13.412856442313666,774.3315941577029,3.362282141398565
52.53199377851865,13.412857383561393,777.5181439278991,3.376118693420781
52.53186934490601,13.412858324806452,780.7046936980954,3.3899552454429975
52.53174491129338,13.412859266048844,783.8912434682917,3.403791797465214
52.531620477680754,13.41286020728857,787.077793238488,3.41762834948743
52.53149604406812,13.412861148525629,790.2643430086842,3.4314649015096466
52.53137161045549,13.412862089760019,793.4508927788805,3.445301453531863
52.53124717684286,13.41286303099174,796.6374425490768,3.4591380055540792
52.531122743230235,13.412863972220798,799.8239923192731,3.4729745575762956
52.530998309617615,13.412864913447187,803.0105420894694,3.486811109598512
52.53087387600498,13.41286585467091,806.1970918596656,3.5006476616207283
52.53074944239236,13.412866795891967,809.3836416298619,3.5144842136429446
52.530625008779744,13.412867737110355,812.5701914000582,3.528320765665161
52.53050057516712,13.412868678326076,815.7567411702545,3.5421573176873773
52.53037614155449,13.412869619539132,818.9432909404508,3.5559938697095936
52.530251707941865,13.41287056074952,822.129840710647,3.56983042173181
52.53012727432924,13.412871501957241,825.3163904808433,3.5836669737540263
52.53000284071661,13.412872443162296,828.5029402510396,3.5975035257762427
52.529878407103986,13.412873384364683,831.6894900212359,3.611340077798459
52.52975397349136,13.412874325564404,834.8760397914322,3.6251766298206753
52.52962953987873,13.41287526676146,838.0625895616284,3.6390131818428917
52.5295051062661,13.412876207955849,841.2491393318247,3.652849733865108
52.52938067265348,13.412877149147569,844.435689102021,3.6666862858873244
52.52925623904085,13.412878090336624,847.6222388722173,3.6805228379095407
52.529131805428214,13.412879031523014,850.8087886424136,3.694359389931757
52.52900737181559,13.412879972706735,853.9953384126098,3.7081959419539734
52.528882938202955,13.412880913887788,857.1818881828061,3.7220324939761897
52.52875850459033,13.412881855066177,860.3684379530024,3.735869045998406
52.528634070977695,13.412882796241899,863.5549877231987,3.7497055980206224
52.52850963736507,13.412883737414953,866.741537493395,3.7635421500428388
52.52838520375244,13.41288467858534,869.9280872635912,3.777378702065055
52.528260770139816,13.412885619753062,873.1146370337875,3.7912152540872714
52.52813633652718,13.41288656091812,876.3011868039838,3.805051806109488
52.52801190291455,13.412887502080508,879.4877365741801,3.818888358131704
52.527887469301916,13.41288844324023,882.6742863443764,3.8327249101539205
52.52776303568928,13.412889384397285,885.8608361145726,3.846561462176137
52.52763860207665,13.412890325551675,889.0473858847689,3.860398014198353
52.527514168464016,13.412891266703399,892.2339356549652,3.8742345662205695
52.527389734851376,13.412892207852455,895.4204854251615,3.888071118242786
52.52726530123874,13.412893148998846,898.6070351953578,3.901907670265002
52.52714086762611,13.41289409014257,901.793584965554,3.9157442222872185
52.527016434013476,13.412895031283627,904.9801347357503,3.929580774309435
52.52689200040084,13.412895972422017,908.1666845059466,3.943417326331651
52.52676756678822,13.412896913557741,911.3532342761429,3.9572538783538675
52.526643133175604,13.4128978546908,914.5397840463392,3.971090430376084
52.52651869956298,13.412898795821194,917.7263338165354,3.9849269823983002
52.52639426595035,13.412899736948921,920.9128835867317,3.9987635344205166
52.526269832337725,13.41290067807398,924.099433356928,4.012600086442733
52.5261453987251,13.412901619196374,927.2859831271243,4.026436638464949
52.52602096511248,13.412902560316102,930.4725328973205,4.040273190487165
52.52589653149986,13.412903501433163,933.6590826675168,4.054109742509381
52.525772097887234,13.412904442547559,936.8456324377131,4.0679462945315965
52.525647664274615,13.412905383659288,940.0321822079094,4.081782846553812
52.52552323066199,13.412906324768352,943.2187319781057,4.095619398576028
52.52539879704937,13.41290726587475,946.405281748302,4.109455950598244
52.52527436343674,13.412908206978482,949.5918315184982,4.12329250262046
52.52514992982411,13.412909148079546,952.7783812886945,4.137129054642676
52.525025496211484,13.412910089177945,955.9649310588908,4.150965606664892
52.52490106259885,13.412911030273678,959.1514808290871,4.164802158687108
52.524776628986224,13.412911971366745,962.3380305992833,4.178638710709324
52.52465219537359,13.412912912457145,965.5245803694796,4.19247526273154
52.524527761760964,13.41291385354488,968.7111301396759,4.2063118147537555
52.52440332814834,13.41291479462995,971.8976799098722,4.220148366775971
52.52427889453571,13.412915735712351,975.0842296800685,4.233984918798187
52.524154460923086,13.41291667679209,978.2707794502647,4.247821470820403
52.52403002731045,13.412917617869162,981.457329220461,4.261658022842619
52.52390559369783,13.412918558943568,984.6438789906573,4.275494574864835
52.5237811600852,13.412919500015308,987.8304287608536,4.289331126887051
52.523656726472566,13.412920441084383,991.0169785310499,4.303167678909267
52.52353229285993,13.41292138215079,994.2035283012461,4.317004230931483
52.5234078592473,13.412922323214532,997.3900780714424,4.330840782953699
52.523283425634666,13.412923264275609,1000.5766278416387,4.3446773349759145
52.523158992022026,13.412924205334019,1003.763177611835,4.35851388699813
52.52303455840939,13.412925146389764,1006.9497273820313,4.372350439020346
52.52291012479676,13.412926087442843,1010.1362771522275,4.386186991042562
52.52278569118413,13.412927028493257,1013.3228269224238,4.400023543064778
52.52266125757149,13.412927969541004,1016.5093766926201,4.413860095086994
52.52253682395885,13.412928910586086,1019.6959264628164,4.42769664710921
52.52241239034623,13.412929851628503,1022.8824762330127,4.441533199131426
52.52228795673361,13.412930792668256,1026.069026003209,4.455369751153642
52.52216352312099,13.412931733705342,1029.2555757734053,4.4692063031758575
52.522039089508354,13.412932674739762,1032.4421255436016,4.483042855198073
52.52191465589573,13.412933615771516,1035.6286753137979,4.496879407220289
52.52179022228311,13.412934556800606,1038.8152250839942,4.510715959242505
52.521665788670475,13.41293549782703,1042.0017748541904,4.524552511264721
52.52154135505785,13.412936438850789,1045.1883246243867,4.538389063286937
52.52141692144523,13.412937379871881,1048.374874394583,4.552225615309153
52.5212924878326,13.412938320890309,1051.5614241647793,4.566062167331369
52.52116805421998,13.41293926190607,1054.7479739349756,4.579898719353585
52.52104362060736,13.412940202919167,1057.9345237051718,4.593735271375801
52.52091918699473,13.412941143929597,1061.1210734753681,4.6075718233980165
52.5207947533821,13.412942084937363,1064.3076232455644,4.621408375420232
52.520670319769465,13.412943025942464,1067.4941730157607,4.635244927442448
52.52054588615684,13.4129439669449,1070.680722785957,4.649081479464664
52.52042145254422,13.41294490794467,1073.8672725561532,4.66291803148688
52.520297018931586,13.412945848941774,1077.0538223263495,4.676754583509096
52.52017258531895,13.412946789936214,1080.2403720965458,4.690591135531312
52.52004815170633,13.412947730927987,1083.426921866742,4.704427687553528
52.5199237180937,13.412948671917096,1086.6134716369384,4.718264239575744
52.51979928448107,13.41294961290354,1089.8000214071346,4.73210079159796
52.51967485086844,13.41295055388732,1092.986571177331,4.7459373436201755
52.519550417255815,13.412951494868434,1096.1731209475272,4.759773895642391
52.51942598364318,13.412952435846881,1099.3596707177235,4.773610447664607
52.519301550030555,13.412953376822664,1102.5462204879198,4.787446999686823
52.51917711641792,13.412954317795782,1105.732770258116,4.801283551709039
52.519052682805295,13.412955258766234,1108.9193200283123,4.815120103731255
52.51892824919267,13.412956199734023,1112.1058697985086,4.828956655753471
52.518803815580036,13.412957140699145,1115.2924195687049,4.842793207775687
52.5186793819674,13.412958081661602,1118.4789693389012,4.856629759797903
52.518554948354776,13.412959022621394,1121.6655191090974,4.870466311820119
52.518430514742136,13.41295996357852,1124.8520688792937,4.8843028638423345
52.51830608112951,13.412960904532984,1128.03861864949,4.89813941586455
52.518181647516876,13.412961845484782,1131.2251684196863,4.911975967886766
52.518057213904235,13.412962786433914,1134.4117181898825,4.925812519908982
52.51793278029161,13.412963727380381,1137.5982679600788,4.939649071931198
52.51780834667898,13.412964668324182,1140.784817730275,4.953485623953414
52.517683913066364,13.41296560926532,1143.9713675004714,4.96732217597563
52.51755947945374,13.412966550203793,1147.1579172706677,4.981158727997846
52.51743504584112,13.4129674911396,1150.344467040864,4.994995280020062
52.5173106122285,13.412968432072745,1153.5310168110602,5.0088318320422776
52.517186178615866,13.412969373003223,1156.7175665812565,5.0226683840644935
52.51706174500324,13.412970313931035,1159.9041163514528,5.036504936086709
52.516937311390606,13.412971254856185,1163.090666121649,5.050341488108925
52.51681287777799,13.41297219577867,1166.2772158918453,5.064178040131141
52.51668844416536,13.412973136698488,1169.4637656620416,5.078014592153357
52.516564010552734,13.412974077615644,1172.650315432238,5.091851144175573
52.51643957694011,13.412975018530133,1175.8368652024342,5.105687696197789
52.516315143327475,13.41297595944196,1179.0234149726305,5.119524248220005
52.516190709714856,13.412976900351122,1182.2099647428267,5.133360800242221
52.51606627610223,13.412977841257618,1185.396514513023,5.1471973522644365
52.5159418424896,13.412978782161451,1188.5830642832193,5.161033904286652
52.515817408876984,13.412979723062618,1191.7696140534156,5.174870456308868
52.51569297526436,13.412980663961122,1194.9561638236119,5.188707008331084
52.515568541651724,13.41298160485696,1198.1427135938081,5.2025435603533
52.51544410803909,13.412982545750134,1201.3292633640044,5.216380112375516
52.515319674426465,13.412983486640643,1204.5158131342007,5.230216664397732
52.51519524081383,13.412984427528489,1207.702362904397,5.244053216419948
52.5150708072012,13.412985368413668,1210.8889126745933,5.257889768442164
52.51494637358857,13.412986309296183,1214.0754624447895,5.27172632046438
52.51482193997595,13.412987250176034,1217.2620122149858,5.2855628724865955
52.51469750636331,13.41298819105322,1220.448561985182,5.299399424508811
52.51457307275068,13.412989131927743,1223.6351117553784,5.313235976531027
52.514448639138045,13.412990072799602,1226.8216615255747,5.327072528553243
52.514324205525405,13.412991013668796,1230.008211295771,5.340909080575459
52.51419977191278,13.412991954535325,1233.1947610659672,5.354745632597675
52.51407533830015,13.41299289539919,1236.3813108361635,5.368582184619891
52.51395090468752,13.41299383626039,1239.5678606063598,5.382418736642107
52.513826471074886,13.412994777118927,1242.754410376556,5.396255288664323
52.51370203746226,13.4129957179748,1245.9409601467523,5.410091840686539
52.513577603849626,13.412996658828009,1249.1275099169486,5.4239283927087545
52.513453170237,13.412997599678553,1252.314059687145,5.43776494473097
52.51332873662438,13.412998540526432,1255.5006094573412,5.451601496753186
52.51320430301175,13.41299948137165,1258.6871592275374,5.465438048775402
52.51307986939912,13.4130004222142,1261.8737089977337,5.479274600797618
52.5129554357865,13.413001363054086,1265.06025876793,5.493111152819834
52.51283100217387,13.413002303891309,1268.2468085381263,5.50694770484205
52.512706568561235,13.413003244725868,1271.4333583083226,5.520784256864266
52.51258213494861,13.413004185557764,1274.6199080785188,5.534620808886482
52.51245770133598,13.413005126386993,1277.8064578487151,5.548457360908698
52.51233326772336,13.41300606721356,1280.9930076189114,5.5622939129309135
52.51220883411074,13.413007008037464,1284.1795573891077,5.576130464953129
52.51208440049812,13.413007948858704,1287.366107159304,5.589967016975345
52.511959966885485,13.413008889677279,1290.5526569295002,5.603803568997561
52.51183553327286,13.41300983049319,1293.7392066996965,5.617640121019777
52.51171109966024,13.413010771306435,1296.9257564698928,5.631476673041993
52.51158666604761,13.413011712117019,1300.112306240089,5.645313225064209
52.51146223243499,13.413012652924937,1303.2988560102854,5.659149777086425
52.51133779882237,13.413013593730193,1306.4854057804816,5.672986329108641
52.511213365209734,13.413014534532785,1309.671955550678,5.6868228811308565
52.51108893159711,13.413015475332712,1312.8585053208742,5.700659433153072
52.510964497984475,13.413016416129976,1316.0450550910705,5.714495985175288
52.51084006437185,13.413017356924577,1319.2316048612668,5.728332537197504
52.510715630759215,13.413018297716514,1322.418154631463,5.74216908921972
52.51059119714658,13.413019238505786,1325.6047044016593,5.756005641241936
52.51046676353395,13.413020179292396,1328.7912541718556,5.769842193264152
52.51034232992132,13.41302112007634,1331.9778039420519,5.783678745286368
52.51021789630869,13.413022060857623,1335.1643537122482,5.797515297308584
52.51009346269606,13.41302300163624,1338.3509034824444,5.8113518493308
52.509969029083436,13.413023942412195,1341.5374532526407,5.8251884013530155
52.50984459547081,13.413024883185486,1344.724003022837,5.839024953375231
52.509720161858176,13.413025823956113,1347.9105527930333,5.852861505397447
52.50959572824554,13.413026764724078,1351.0971025632296,5.866698057419663
52.50947129463291,13.413027705489379,1354.2836523334258,5.880534609441879
52.509346861020276,13.413028646252014,1357.4702021036221,5.894371161464095
52.50922242740764,13.413029587011986,1360.6567518738184,5.908207713486311
52.50909799379502,13.413030527769294,1363.8433016440147,5.922044265508527
52.5089735601824,13.41303146852394,1367.029851414211,5.935880817530743
52.50884912656977,13.413032409275923,1370.2164011844072,5.949717369552959
52.50872469295715,13.413033350025243,1373.4029509546035,5.9635539215751745
52.50860025934453,13.413034290771899,1376.5895007247998,5.97739047359739
52.50847582573191,13.41303523151589,1379.776050494996,5.991227025619606
52.50835139211929,13.413036172257218,1382.9626002651923,6.005063577641822
52.50822695850666,13.413037112995882,1386.1491500353886,6.018900129664038
52.50810252489404,13.413038053731883,1389.335699805585,6.032736681686254
52.50797809128142,13.413038994465222,1392.5222495757812,6.04657323370847
52.5078536576688,13.413039935195897,1395.7087993459775,6.060409785730686
52.50772922405618,13.413040875923908,1398.8953491161737,6.074246337752902
52.50760479044355,13.413041816649256,1402.08189888637,6.088082889775118
52.507480356830925,13.413042757371942,1405.2684486565663,6.1019194417973335
52.50735592321829,13.413043698091963,1408.4549984267626,6.115755993819549
52.507231489605665,13.413044638809321,1411.6415481969589,6.129592545841765
52.50710705599304,13.413045579524017,1414.8280979671551,6.143429097863981
52.506982622380406,13.41304652023605,1418.0146477373514,6.157265649886197
52.50685818876777,13.413047460945418,1421.2011975075477,6.171102201908413
52.506733755155146,13.413048401652125,1424.387747277744,6.184938753930629
52.50660932154251,13.413049342356167,1427.5742970479403,6.198775305952845
52.506484887929886,13.413050283057547,1430.7608468181365,6.212611857975061
52.50636045431726,13.413051223756264,1433.9473965883328,6.226448409997277
52.50623602070463,13.413052164452317,1437.133946358529,6.2402849620194925
52.506111587092,13.413053105145709,1440.3204961287254,6.254121514041708
52.50598715347937,13.413054045836436,1443.5070458989217,6.267958066063924
52.505862719866734,13.4130549865245,1446.693595669118,6.28179461808614
52.50573828625411,13.413055927209902,1449.8801454393142,6.295631170108356
52.50561385264148,13.41305686789264,1453.0666952095105,6.309467722130572
52.50548941902885,13.413057808572715,1456.2532449797068,6.323304274152788
52.50536498541622,13.413058749250128,1459.439794749903,6.337140826175004
52.50524055180359,13.413059689924877,1462.6263445200993,6.35097737819722
52.505116118190955,13.413060630596965,1465.8128942902956,6.3648139302194355
52.50499168457832,13.413061571266388,1468.999444060492,6.378650482241651
52.50486725096569,13.413062511933148,1472.1859938306882,6.392487034263867
52.504742817353055,13.413063452597246,1475.3725436008845,6.406323586286083
52.50461838374044,13.413064393258681,1478.5590933710807,6.420160138308299
52.50449395012782,13.413065333917453,1481.745643141277,6.433996690330515
52.50436951651519,13.413066274573563,1484.9321929114733,6.447833242352731
52.504245082902564,13.413067215227008,1488.1187426816696,6.461669794374947
52.504120649289945,13.413068155877792,1491.3052924518659,6.475506346397163
52.50399621567732,13.413069096525913,1494.4918422220621,6.489342898419379
52.503871782064685,13.413070037171371,1497.6783919922584,6.5031794504415945
52.503747348452066,13.413070977814167,1500.8649417624547,6.51701600246381
52.50362291483943,13.4130719184543,1504.051491532651,6.530852554486026
52.503498481226806,13.41307285909177,1507.2380413028473,6.544689106508242
52.50337404761418,13.413073799726577,1510.4245910730435,6.558525658530458
52.503249614001554,13.413074740358724,1513.6111408432398,6.572362210552674
52.50312518038892,13.413075680988205,1516.797690613436,6.58619876257489
52.503000746776294,13.413076621615025,1519.9842403836324,6.600035314597106
52.502876313163675,13.413077562239183,1523.1707901538286,6.613871866619322
52.502751879551056,13.413078502860678,1526.357339924025,6.627708418641538
52.50262744593843,13.413079443479509,1529.5438896942212,6.6415449706637535
52.5025030123258,13.413080384095679,1532.7304394644175,6.655381522685969
52.50237857871318,13.413081324709188,1535.9169892346138,6.669218074708185
52.502254145100544,13.413082265320034,1539.10353900481,6.683054626730401
52.50212971148792,13.413083205928217,1542.2900887750063,6.696891178752617
52.50200527787529,13.413084146533738,1545.4766385452026,6.710727730774833
52.50188084426266,13.413085087136595,1548.6631883153989,6.724564282797049
52.50175641065003,13.41308602773679,1551.8497380855952,6.738400834819265
52.501631977037405,13.413086968334325,1555.0362878557914,6.752237386841481
52.50150754342478,13.413087908929196,1558.2228376259877,6.766073938863697
52.50138310981215,13.413088849521406,1561.409387396184,6.7799104908859125
52.50125867619952,13.413089790110952,1564.5959371663803,6.793747042908128
52.501134242586886,13.413090730697835,1567.7824869365766,6.807583594930344
52.50100980897426,13.413091671282057,1570.9690367067728,6.82142014695256
52.50088537536163,13.413092611863616,1574.1555864769691,6.835256698974776
52.500760941749,13.413093552442515,1577.3421362471654,6.849093250996992
52.50063650813637,13.41309449301875,1580.5286860173617,6.862929803019208
52.50051207452373,13.413095433592323,1583.715235787558,6.876766355041424
52.5003876409111,13.413096374163235,1586.9017855577542,6.89060290706364
52.50026320729848,13.413097314731482,1590.0883353279505,6.9044394590858555
52.500138773685855,13.413098255297069,1593.2748850981468,6.918276011108071
52.50001434007323,13.413099195859992,1596.461434868343,6.932112563130287
52.49988990646061,13.413100136420255,1599.6479846385394,6.945949115152503
52.499765472847976,13.413101076977854,1602.8345344087356,6.959785667174719
52.49964103923536,13.413102017532792,1606.021084178932,6.973622219196935
52.49951660562274,13.413102958085068,1609.2076339491282,6.987458771219151
52.499392172010104,13.413103898634681,1612.3941837193245,7.001295323241367
52.49926773839748,13.413104839181631,1615.5807334895208,7.015131875263583
52.49914330478485,13.413105779725923,1618.767283259717,7.028968427285799
52.499018871172225,13.413106720267551,1621.9538330299133,7.0428049793080145
52.49889443755959,13.413107660806517,1625.1403828001096,7.05664153133023
52.49877000394696,13.413108601342822,1628.3269325703059,7.070478083352446
52.49864557033433,13.413109541876464,1631.5134823405022,7.084314635374662
52.498521136721706,13.413110482407445,1634.7000321106984,7.098151187396878
52.49839670310908,13.413111422935764,1637.8865818808947,7.111987739419094
52.49827226949645,13.41311236346142,1641.073131651091,7.12582429144131
52.49814783588381,13.413113303984417,1644.2596814212873,7.139660843463526
52.49802340227119,13.413114244504749,1647.4462311914835,7.153497395485742
52.49789896865855,13.413115185022422,1650.6327809616798,7.167333947507958
52.49777453504593,13.413116125537432,1653.819330731876,7.1811704995301735
52.497650101433294,13.41311706604978,1657.0058805020724,7.195007051552389
52.49752566782067,13.413118006559468,1660.1924302722687,7.208843603574605
52.49740123420804,13.413118947066494,1663.378980042465,7.222680155596821
52.49727680059541,13.413119887570858,1666.5655298126612,7.236516707619037
52.497152366982775,13.413120828072561,1669.7520795828575,7.250353259641253
52.49702793337014,13.413121768571601,1672.9386293530538,7.264189811663469
52.49690349975751,13.413122709067979,1676.12517912325,7.278026363685685
52.496779066144875,13.413123649561697,1679.3117288934463,7.291862915707901
52.49665463253224,13.413124590052753,1682.4982786636426,7.305699467730117
52.4965301989196,13.413125530541146,1685.684828433839,7.3195360197523325
52.49640576530697,13.413126471026878,1688.8713782040352,7.333372571774548
52.49628133169433,13.413127411509949,1692.0579279742315,7.347209123796764
52.49615689808169,13.413128351990357,1695.2444777444277,7.36104567581898
52.49603246446906,13.413129292468104,1698.431027514624,7.374882227841196
52.49590803085643,13.41313023294319,1701.6175772848203,7.388718779863412
52.4957835972438,13.413131173415616,1704.8041270550166,7.402555331885628
52.49565916363117,13.413132113885379,1707.9906768252129,7.416391883907844
52.49553473001855,13.41313305435248,1711.1772265954091,7.43022843593006
52.49541029640592,13.41313399481692,1714.3637763656054,7.444064987952276
52.4952858627933,13.4131349352787,1717.5503261358017,7.4579015399744915
52.495161429180676,13.413135875737817,1720.736875905998,7.471738091996707
52.49503699556806,13.413136816194275,1723.9234256761943,7.485574644018923
52.49491256195544,13.41313775664807,1727.1099754463905,7.499411196041139
52.494788128342805,13.413138697099203,1730.2965252165868,7.513247748063355
52.49466369473018,13.413139637547676,1733.483074986783,7.527084300085571
52.49453926111756,13.413140577993486,1736.6696247569794,7.540920852107787
52.494414827504926,13.413141518436637,1739.8561745271757,7.554757404130003
52.4942903938923,13.413142458877125,1743.042724297372,7.568593956152219
52.494165960279666,13.413143399314954,1746.2292740675682,7.5824305081744345
52.49404152666705,13.41314433975012,1749.4158238377645,7.59626706019665
52.49391709305442,13.413145280182626,1752.6023736079608,7.610103612218866
52.493792659441795,13.41314622061247,1755.788923378157,7.623940164241082
52.493668225829175,13.413147161039653,1758.9754731483533,7.637776716263298
52.49354379221655,13.413148101464175,1762.1620229185496,7.651613268285514
52.49341935860392,13.413149041886035,1765.348572688746,7.66544982030773
52.4932949249913,13.413149982305235,1768.5351224589422,7.679286372329946
52.49317049137867,13.413150922721774,1771.7216722291384,7.693122924352162
52.49304605776604,13.413151863135653,1774.9082219993347,7.706959476374378
52.492921624153404,13.41315280354687,1778.094771769531,7.7207960283965935
52.49279719054077,13.413153743955425,1781.2813215397273,7.734632580418809
52.492672756928144,13.41315468436132,1784.4678713099236,7.748469132441025
52.49254832331551,13.413155624764554,1787.6544210801198,7.762305684463241
52.49242388970288,13.413156565165128,1790.8409708503161,7.776142236485457
52.49229945609024,13.41315750556304,1794.0275206205124,7.789978788507673
52.492175022477596,13.413158445958292,1797.2140703907087,7.803815340529889
52.49205058886497,13.413159386350882,1800.400620160905,7.817651892552105
52.491926155252344,13.413160326740812,1803.5871699311012,7.831488444574321
52.49180172163972,13.41316126712808,1806.7737197012975,7.845324996596537
52.49167728802708,13.413162207512688,1809.9602694714938,7.8591615486187525
52.49155285441445,13.413163147894634,1813.14681924169,7.872998100640968
52.49142842080182,13.413164088273922,1816.3333690118864,7.886834652663184
52.49130398718919,13.413165028650548,1819.5199187820826,7.9006712046854
52.49117955357657,13.413165969024513,1822.706468552279,7.914507756707616
52.49105511996394,13.413166909395816,1825.8930183224752,7.928344308729832
52.49093068635131,13.41316784976446,1829.0795680926715,7.942180860752048
52.49080625273869,13.413168790130442,1832.2661178628678,7.956017412774264
52.49068181912606,13.413169730493765,1835.452667633064,7.96985396479648
52.490557385513426,13.413170670854427,1838.6392174032603,7.983690516818696
52.4904329519008,13.413171611212428,1841.8257671734566,7.9975270688409115
52.490308518288174,13.413172551567769,1845.0123169436529,8.011363620863127
52.49018408467555,13.413173491920448,1848.1988667138492,8.025200172885343
52.49005965106292,13.413174432270468,1851.3854164840454,8.03903672490756
52.489935217450295,13.413175372617827,1854.5719662542417,8.052873276929775
52.48981078383767,13.413176312962525,1857.758516024438,8.066709828951991
52.489686350225035,13.413177253304564,1860.9450657946343,8.080546380974207
52.48956191661241,13.413178193643942,1864.1316155648306,8.094382932996423
52.48943748299978,13.413179133980659,1867.3181653350268,8.108219485018639
52.48931304938716,13.413180074314715,1870.504715105223,8.122056037040855
52.48918861577453,13.41318101464611,1873.6912648754194,8.13589258906307
52.489064182161904,13.413181954974847,1876.8778146456157,8.149729141085286
52.48893974854927,13.413182895300924,1880.064364415812,8.163565693107502
52.488815314936645,13.41318383562434,1883.2509141860082,8.177402245129718
52.48869088132401,13.413184775945094,1886.4374639562045,8.191238797151934
52.48856644771137,13.41318571626319,1889.6240137264008,8.20507534917415
52.488442014098744,13.413186656578624,1892.810563496597,8.218911901196366
52.48831758048612,13.413187596891397,1895.9971132667933,8.232748453218582
52.488193146873485,13.413188537201512,1899.1836630369896,8.246585005240798
52.48806871326085,13.413189477508967,1902.370212807186,8.260421557263014
52.487944279648225,13.413190417813759,1905.5567625773822,8.27425810928523
52.4878198460356,13.413191358115892,1908.7433123475785,8.288094661307445
52.48769541242297,13.413192298415364,1911.9298621177747,8.301931213329661
52.48757097881034,13.413193238712179,1915.116411887971,8.315767765351877
52.48744654519771,13.41319417900633,1918.3029616581673,8.329604317374093
52.48732211158508,13.413195119297823,1921.4895114283636,8.343440869396309
52.487197677972446,13.413196059586655,1924.6760611985599,8.357277421418525
52.48707324435981,13.413196999872827,1927.8626109687561,8.37111397344074
52.48694881074719,13.41319794015634,1931.0491607389524,8.384950525462957
52.48682437713456,13.413198880437193,1934.2357105091487,8.398787077485173
52.486699943521934,13.413199820715386,1937.422260279345,8.412623629507388
52.48657550990931,13.413200760990918,1940.6088100495413,8.426460181529604
52.486451076296675,13.41320170126379,1943.7953598197375,8.44029673355182
52.486326642684055,13.413202641534003,1946.9819095899338,8.454133285574036
52.48620220907143,13.413203581801556,1950.16845936013,8.467969837596252
52.486077775458796,13.413204522066449,1953.3550091303264,8.481806389618468
52.48595334184618,13.413205462328683,1956.5415589005227,8.495642941640684
52.48582890823356,13.413206402588257,1959.728108670719,8.5094794936629
52.485704474620924,13.413207342845169,1962.9146584409152,8.523316045685116
52.48558004100829,13.413208283099422,1966.1012082111115,8.537152597707331
52.485455607395664,13.413209223351016,1969.2877579813078,8.550989149729547
52.485331173783045,13.413210163599949,1972.474307751504,8.564825701751763
52.48520674017041,13.413211103846225,1975.6608575217003,8.57866225377398
52.48508230655778,13.413212044089839,1978.8474072918966,8.592498805796195
52.48495787294515,13.413212984330794,1982.033957062093,8.606335357818411
52.48483343933252,13.413213924569089,1985.2205068322892,8.620171909840627
52.48470900571989,13.413214864804724,1988.4070566024855,8.634008461862843
52.484584572107266,13.413215805037698,1991.5936063726817,8.647845013885059
52.48446013849464,13.413216745268015,1994.780156142878,8.661681565907275
52.48433570488201,13.41321768549567,1997.9667059130743,8.67551811792949
52.48421127126938,13.413218625720667,2001.1532556832706,8.689354669951706
52.48408683765675,13.413219565943004,2004.3398054534669,8.703191221973922
52.483962404044114,13.413220506162682,2007.5263552236631,8.717027773996138
52.48383797043149,13.4132214463797,2010.7129049938594,8.730864326018354
52.48371353681886,13.413222386594057,2013.8994547640557,8.74470087804057
52.483589103206235,13.413223326805756,2017.086004534252,8.758537430062786
52.483464669593616,13.413224267014794,2020.2725543044482,8.772373982085002
52.48334023598098,13.413225207221172,2023.4591040746445,8.786210534107218
52.48321580236835,13.413226147424893,2026.6456538448408,8.800047086129434
52.483091368755716,13.413227087625954,2029.832203615037,8.81388363815165
52.48296693514308,13.413228027824355,2033.0187533852334,8.827720190173865
52.48284250153045,13.413228968020096,2036.2053031554296,8.841556742196081
52.482718067917816,13.413229908213179,2039.391852925626,8.855393294218297
52.48259363430518,13.413230848403602,2042.5784026958222,8.869229846240513
52.48246920069255,13.413231788591364,2045.7649524660185,8.883066398262729
52.48234476707993,13.41323272877647,2048.9515022362148,8.896902950284945
52.482220333467296,13.413233668958915,2052.1380520064113,8.91073950230716
52.48209589985468,13.4132346091387,2055.324601776608,8.924576054329377
52.48197146624206,13.413235549315825,2058.5111515468043,8.938412606351593
52.48184703262943,13.413236489490291,2061.697701317001,8.952249158373808
52.4817225990168,13.4132374296621,2064.8842510871973,8.966085710396024
52.48159816540417,13.41323836983125,2068.070800857394,8.97992226241824
52.481473731791546,13.413239309997739,2071.2573506275903,8.993758814440456
52.48134929817892,13.41324025016157,2074.443900397787,9.007595366462672
52.48122486456629,13.413241190322742,2077.6304501679833,9.021431918484888
52.48110043095366,13.413242130481255,2080.81699993818,9.035268470507104
52.48097599734104,13.413243070637106,2084.0035497083763,9.04910502252932
52.48085156372841,13.4132440107903,2087.190099478573,9.062941574551536
52.480727130115774,13.413244950940836,2090.3766492487694,9.076778126573751
52.48060269650315,13.413245891088712,2093.563199018966,9.090614678595967
52.480478262890514,13.413246831233929,2096.7497487891624,9.104451230618183
52.48035382927788,13.413247771376486,2099.936298559359,9.1182877826404
52.48022939566526,13.413248711516387,2103.1228483295554,9.132124334662615
52.48010496205263,13.413249651653627,2106.309398099752,9.145960886684831
52.47998052844,13.41325059178821,2109.4959478699484,9.159797438707047
52.47985609482737,13.413251531920132,2112.682497640145,9.173633990729263
52.479731661214736,13.413252472049395,2115.8690474103414,9.187470542751479
52.47960722760211,13.413253412176001,2119.055597180538,9.201307094773695
52.47948279398948,13.413254352299948,2122.2421469507344,9.21514364679591
52.47935836037686,13.413255292421233,2125.428696720931,9.228980198818126
52.47923392676422,13.413256232539862,2128.6152464911274,9.242816750840342
52.47910949315159,13.413257172655829,2131.801796261324,9.256653302862558
52.47898505953896,13.413258112769139,2134.9883460315205,9.270489854884774
52.478860625926316,13.41325905287979,2138.174895801717,9.28432640690699
52.4787361923137,13.413259992987783,2141.3614455719135,9.298162958929206
52.478611758701064,13.413260933093117,2144.54799534211,9.311999510951422
52.47848732508843,13.41326187319579,2147.7345451123065,9.325836062973638
52.47836289147579,13.413262813295805,2150.921094882503,9.339672614995854
52.478238457863156,13.413263753393162,2154.1076446526995,9.35350916701807
52.47811402425054,13.41326469348786,2157.294194422896,9.367345719040285
52.47798959063791,13.4132656335799,2160.4807441930925,9.381182271062501
52.47786515702529,13.413266573669281,2163.667293963289,9.395018823084717
52.477740723412666,13.413267513756004,2166.8538437334855,9.408855375106933
52.47761628980004,13.41326845384007,2170.040393503682,9.422691927129149
52.47749185618741,13.413269393921475,2173.2269432738785,9.436528479151365
52.477367422574794,13.413270334000222,2176.413493044075,9.45036503117358
52.47724298896216,13.413271274076308,2179.6000428142715,9.464201583195797
52.477118555349534,13.413272214149739,2182.786592584468,9.478038135218013
52.476994121736915,13.41327315422051,2185.9731423546646,9.491874687240228
52.47686968812429,13.413274094288623,2189.159692124861,9.505711239262444
52.47674525451166,13.413275034354077,2192.3462418950576,9.51954779128466
52.476620820899036,13.413275974416875,2195.532791665254,9.533384343306876
52.4764963872864,13.413276914477013,2198.7193414354506,9.547220895329092
52.47637195367378,13.413277854534492,2201.905891205647,9.561057447351308
52.47624752006115,13.413278794589313,2205.0924409758436,9.574893999373524
52.47612308644852,13.413279734641476,2208.27899074604,9.58873055139574
52.475998652835884,13.41328067469098,2211.4655405162366,9.602567103417956
52.47587421922326,13.413281614737826,2214.652090286433,9.616403655440172
52.475749785610624,13.413282554782013,2217.8386400566296,9.630240207462387
52.475625351998,13.413283494823544,2221.025189826826,9.644076759484603
52.475500918385364,13.413284434862415,2224.2117395970226,9.65791331150682
52.47537648477273,13.413285374898628,2227.398289367219,9.671749863529035
52.47525205116011,13.413286314932183,2230.5848391374157,9.685586415551251
52.47512761754748,13.41328725496308,2233.771388907612,9.699422967573467
52.475003183934845,13.413288194991319,2236.9579386778087,9.713259519595683
52.47487875032221,13.4132891350169,2240.144488448005,9.727096071617899
52.474754316709586,13.413290075039821,2243.3310382182017,9.740932623640115
52.47462988309695,13.413291015060086,2246.517587988398,9.75476917566233
52.474505449484326,13.41329195507769,2249.7041377585947,9.768605727684546
52.47438101587169,13.413292895092638,2252.890687528791,9.782442279706762
52.47425658225906,13.413293835104927,2256.0772372989877,9.796278831728978
52.47413214864642,13.41329477511456,2259.263787069184,9.810115383751194
52.47400771503379,13.413295715121533,2262.4503368393807,9.82395193577341
52.47388328142116,13.413296655125848,2265.6368866095772,9.837788487795626
52.473758847808526,13.413297595127506,2268.8234363797737,9.851625039817842
52.4736344141959,13.413298535126506,2272.0099861499702,9.865461591840058
52.47350998058328,13.413299475122848,2275.1965359201668,9.879298143862274
52.47338554697066,13.413300415116531,2278.3830856903633,9.89313469588449
52.473261113358035,13.413301355107556,2281.5696354605598,9.906971247906705
52.47313667974541,13.413302295095924,2284.7561852307563,9.920807799928921
52.47301224613278,13.413303235081633,2287.942735000953,9.934644351951137
52.472887812520156,13.413304175064685,2291.1292847711493,9.948480903973353
52.47276337890752,13.413305115045079,2294.315834541346,9.962317455995569
52.4726389452949,13.413306055022815,2297.5023843115423,9.976154008017785
52.47251451168226,13.413306994997894,2300.688934081739,9.98999056004
52.47239007806964,13.413307934970314,2303.8754838519353,10.003827112062217
52.47226564445701,13.413308874940078,2307.062033622132,10.017663664084433
52.472141210844384,13.413309814907183,2310.2485833923283,10.031500216106648
52.47201677723176,13.413310754871631,2313.435133162525,10.045336768128864
52.47189234361913,13.413311694833421,2316.6216829327213,10.05917332015108
52.47176791000651,13.413312634792554,2319.808232702918,10.073009872173296
52.471643476393886,13.41331357474903,2322.9947824731144,10.086846424195512
52.47151904278126,13.413314514702845,2326.181332243311,10.100682976217728
52.471394609168634,13.413315454654004,2329.3678820135074,10.114519528239944
52.471270175556,13.413316394602505,2332.554431783704,10.12835608026216
52.471145741943374,13.413317334548351,2335.7409815539004,10.142192632284376
52.471021308330755,13.41331827449154,2338.927531324097,10.156029184306592
52.47089687471812,13.41331921443207,2342.1140810942934,10.169865736328807
52.47077244110549,13.413320154369943,2345.30063086449,10.183702288351023
52.470648007492855,13.413321094305159,2348.4871806346864,10.19753884037324
52.47052357388023,13.413322034237714,2351.673730404883,10.211375392395455
52.470399140267595,13.413322974167611,2354.8602801750794,10.225211944417671
52.47027470665496,13.413323914094853,2358.046829945276,10.239048496439887
52.47015027304232,13.413324854019436,2361.2333797154724,10.252885048462103
52.47002583942969,13.413325793941363,2364.419929485669,10.266721600484319
52.46990140581706,13.413326733860632,2367.6064792558655,10.280558152506535
52.469776972204436,13.413327673777244,2370.793029026062,10.29439470452875
52.4696525385918,13.413328613691199,2373.9795787962585,10.308231256550966
52.46952810497917,13.413329553602496,2377.166128566455,10.322067808573182
52.46940367136654,13.413330493511136,2380.3526783366515,10.335904360595398
52.46927923775391,13.413331433417119,2383.539228106848,10.349740912617614
52.46915480414128,13.413332373320443,2386.7257778770445,10.36357746463983
52.46903037052866,13.413333313221111,2389.912327647241,10.377414016662046
52.46890593691602,13.413334253119123,2393.0988774174375,10.391250568684262
52.468781503303404,13.413335193014477,2396.285427187634,10.405087120706478
52.46865706969078,13.413336132907174,2399.4719769578305,10.418923672728694
52.468532636078145,13.413337072797214,2402.658526728027,10.43276022475091
52.46840820246552,13.413338012684596,2405.8450764982235,10.446596776773125
52.46828376885289,13.41333895256932,2409.03162626842,10.460433328795341
52.468159335240266,13.413339892451388,2412.2181760386165,10.474269880817557
52.46803490162764,13.413340832330798,2415.404725808813,10.488106432839773
52.46791046801501,13.413341772207552,2418.5912755790096,10.501942984861989
52.46778603440239,13.413342712081649,2421.777825349206,10.515779536884205
52.467661600789754,13.413343651953088,2424.9643751194026,10.52961608890642
52.46753716717712,13.413344591821872,2428.150924889599,10.543452640928637
52.46741273356449,13.413345531687998,2431.3374746597956,10.557289192950853
52.46728829995186,13.413346471551467,2434.524024429992,10.571125744973068
52.467163866339234,13.413347411412278,2437.7105742001886,10.584962296995284
52.467039432726615,13.413348351270432,2440.897123970385,10.5987988490175
52.46691499911399,13.41334929112593,2444.0836737405816,10.612635401039716
52.46679056550135,13.413350230978773,2447.270223510778,10.626471953061932
52.46666613188872,13.413351170828957,2450.4567732809746,10.640308505084148
52.4665416982761,13.413352110676483,2453.643323051171,10.654145057106364
52.46641726466347,13.413353050521355,2456.8298728213676,10.66798160912858
52.466292831050836,13.41335399036357,2460.016422591564,10.681818161150796
52.4661683974382,13.413354930203125,2463.2029723617607,10.695654713173012
52.46604396382557,13.413355870040025,2466.389522131957,10.709491265195227
52.46591953021294,13.41335680987427,2469.5760719021537,10.723327817217443
52.46579509660032,13.413357749705854,2472.76262167235,10.73716436923966
52.46567066298769,13.413358689534784,2475.9491714425467,10.751000921261875
52.465546229375065,13.413359629361057,2479.135721212743,10.764837473284091
52.46542179576243,13.413360569184674,2482.3222709829397,10.778674025306307
52.4652973621498,13.413361509005632,2485.508820753136,10.792510577328523
52.465172928537164,13.413362448823937,2488.6953705233327,10.806347129350739
52.46504849492453,13.413363388639585,2491.881920293529,10.820183681372955
52.4649240613119,13.413364328452575,2495.0684700637257,10.83402023339517
52.46479962769927,13.413365268262908,2498.2550198339222,10.847856785417386
52.464675194086645,13.413366208070585,2501.4415696041187,10.861693337439602
52.46455076047402,13.413367147875604,2504.6281193743152,10.875529889461818
52.46442632686141,13.413368087677968,2507.8146691445118,10.889366441484034
52.46430189324879,13.413369027477675,2511.0012189147083,10.90320299350625
52.464177459636154,13.413369967274727,2514.1877686849048,10.917039545528466
52.46405302602353,13.413370907069122,2517.3743184551013,10.930876097550682
52.4639285924109,13.41337184686086,2520.560868225298,10.944712649572898
52.46380415879828,13.41337278664994,2523.7474179954943,10.958549201595114
52.46367972518566,13.413373726436365,2526.933967765691,10.97238575361733
52.463555291573044,13.413374666220134,2530.1205175358873,10.986222305639545
52.46343085796042,13.413375606001248,2533.307067306084,11.000058857661761
52.46330642434779,13.413376545779705,2536.4936170762803,11.013895409683977
52.463181990735166,13.413377485555506,2539.680166846477,11.027731961706193
52.46305755712254,13.413378425328649,2542.8667166166733,11.041568513728409
52.462933123509906,13.413379365099136,2546.05326638687,11.055405065750625
52.46280868989728,13.413380304866966,2549.2398161570663,11.06924161777284
52.46268425628465,13.41338124463214,2552.426365927263,11.083078169795057
52.46255982267202,13.413382184394658,2555.6129156974594,11.096914721817273
52.462435389059394,13.41338312415452,2558.799465467656,11.110751273839488
52.46231095544676,13.413384063911725,2561.9860152378524,11.124587825861704
52.462186521834134,13.413385003666274,2565.172565008049,11.13842437788392
52.46206208822151,13.413385943418168,2568.3591147782454,11.152260929906136
52.46193765460888,13.413386883167405,2571.545664548442,11.166097481928352
52.46181322099625,13.413387822913986,2574.7322143186384,11.179934033950568
52.461688787383615,13.413388762657911,2577.918764088835,11.193770585972784
52.46156435377099,13.413389702399181,2581.1053138590314,11.207607137995
52.461439920158355,13.413390642137795,2584.291863629228,11.221443690017216
52.46131548654572,13.413391581873752,2587.4784133994244,11.235280242039432
52.461191052933096,13.413392521607053,2590.664963169621,11.249116794061647
52.46106661932046,13.413393461337698,2593.8515129398174,11.262953346083863
52.460942185707836,13.413394401065688,2597.038062710014,11.27678989810608
52.4608177520952,13.41339534079102,2600.2246124802105,11.290626450128295
52.46069331848256,13.413396280513698,2603.411162250407,11.304463002150511
52.46056888486993,13.41339722023372,2606.5977120206035,11.318299554172727
52.460444451257295,13.413398159951086,2609.7842617908,11.332136106194943
52.460320017644676,13.413399099665794,2612.9708115609965,11.345972658217159
52.46019558403206,13.413400039377846,2616.157361331193,11.359809210239375
52.46007115041944,13.413400979087243,2619.3439111013895,11.37364576226159
52.45994671680681,13.413401918793983,2622.530460871586,11.387482314283806
52.45982228319419,13.413402858498069,2625.7170106417825,11.401318866306022
52.459697849581566,13.413403798199498,2628.903560411979,11.415155418328238
52.45957341596894,13.413404737898272,2632.0901101821755,11.428991970350454
52.45944898235631,13.41340567759439,2635.276659952372,11.44282852237267
52.45932454874368,13.413406617287853,2638.4632097225685,11.456665074394886
52.459200115131054,13.41340755697866,2641.649759492765,11.470501626417102
52.45907568151842,13.413408496666811,2644.8363092629615,11.484338178439318
52.458951247905794,13.413409436352305,2648.022859033158,11.498174730461534
52.45882681429316,13.413410376035145,2651.2094088033546,11.51201128248375
52.45870238068053,13.41341131571533,2654.395958573551,11.525847834505965
52.45857794706791,13.413412255392858,2657.5825083437476,11.539684386528181
52.45845351345528,13.413413195067733,2660.769058113944,11.553520938550397
52.45832907984265,13.413414134739952,2663.9556078841406,11.567357490572613
52.45820464623003,13.413415074409516,2667.142157654337,11.581194042594829
52.458080212617396,13.413416014076422,2670.3287074245336,11.595030594617045
